1,Kasia,Nowak,1998
2,Zosia,Kowalska,1995
3,Zosia,Nowak,1995
4,Basia,Nowak,1990
5,Kasia,Kowalska,1993
6,Kasia,Kowalska,1996
7,Zosia,Kowalska,1994
8,Ania,Nowak,1995
9,Zosia,Kowalska,1995
10,Ania,Kowalska,1998
11,Ania,Nowak,1994
12,Ania,Kowalska,1993
13,Ania,Kowalska,1992
14,Zosia,Kowalska,1994
15,Ania,Nowak,1996
16,Basia,Kowalska,1996
17,Basia,Nowak,1993
18,Ania,Nowak,1994
19,Kasia,Nowak,1998
20,Kasia,Kowalska,1997
21,Basia,Kowalska,1991
22,Zosia,Nowak,1993
23,Basia,Kowalska,1992
24,Zosia,Kowalska,1995
25,Zosia,Kowalska,1997
26,Zosia,Kowalska,1992
27,Zosia,Nowak,1997
28,Kasia,Nowak,1996
29,Basia,Kowalska,1991
30,Basia,Kowalska,1994
31,Zosia,Kowalska,1991
32,Ania,Kowalska,1995
33,Zosia,Nowak,1994
34,Ania,Kowalska,1993
35,Zosia,Nowak,1994
36,Zosia,Nowak,1996
37,Kasia,Nowak,1990
38,Ania,Nowak,1999
39,Ania,Kowalska,1991
40,Zosia,Nowak,1999
41,Basia,Nowak,1996
42,Kasia,Kowalska,1994
43,Kasia,Kowalska,1995
44,Zosia,Kowalska,1999
45,Basia,Nowak,1999
46,Zosia,Kowalska,1992
47,Ania,Nowak,1999
48,Zosia,Nowak,1997
49,Kasia,Kowalska,1999
50,Kasia,Nowak,1991
51,Ania,Kowalska,1992
52,Basia,Kowalska,1997
53,Kasia,Kowalska,1994
54,Ania,Nowak,1997
55,Ania,Kowalska,1992
56,Kasia,Nowak,1996
57,Zosia,Nowak,1994
58,Zosia,Nowak,1995
59,Kasia,Nowak,1995
60,Basia,Kowalska,1991
61,Basia,Kowalska,1998
62,Kasia,Kowalska,1996
63,Kasia,Nowak,1991
64,Basia,Nowak,1994
65,Ania,Kowalska,1990
66,Kasia,Nowak,1993
67,Ania,Kowalska,1993
68,Ania,Kowalska,1999
69,Ania,Kowalska,1996
70,Ania,Nowak,1998
71,Basia,Kowalska,1998
72,Basia,Kowalska,1999
73,Ania,Kowalska,1992
74,Ania,Nowak,1991
75,Zosia,Kowalska,1993
76,Basia,Kowalska,1999
77,Basia,Nowak,1995
78,Zosia,Nowak,1998
79,Basia,Kowalska,1995
80,Zosia,Kowalska,1996
81,Basia,Kowalska,1998
82,Ania,Nowak,1994
83,Zosia,Nowak,1995
84,Ania,Nowak,1992
85,Zosia,Nowak,1993
86,Zosia,Kowalska,1993
87,Ania,Kowalska,1994
88,Kasia,Nowak,1994
89,Zosia,Nowak,1999
90,Zosia,Kowalska,1998
91,Kasia,Kowalska,1996
92,Kasia,Nowak,1999
93,Basia,Nowak,1997
94,Zosia,Kowalska,1996
95,Basia,Nowak,1994
96,Kasia,Nowak,1994
97,Ania,Nowak,1995
98,Kasia,Nowak,1998
99,Kasia,Nowak,1999
100,Kasia,Nowak,1990
